"","COMMUNE","CANTON","DISTRICT","LAU2","NSdistance","EWdistance","Maxdistance"
"1","Bettendorf","Diekirch","Diekirch","0601",5682,6921,8112
"2","Feulen","Diekirch","Diekirch","0606",6536,6003,6785
"3","Käerjeng","Capellen","Luxembourg","0104",9233,7953,9234
"4","Bissen","Mersch","Luxembourg","0402",6572,6415,6750
"5","Rumelange","Esch-sur-Alzette","Luxembourg","0212",3123,4704,4712
"6","Nommern","Mersch","Luxembourg","0410",6191,6678,6942
"7","Rambrouch","Redange","Diekirch","0704",10893,12104,13423
"8","Garnich","Capellen","Luxembourg","0102",5606,5733,6459
"9","Esch-sur-Sûre","Wiltz","Diekirch","0802",8207,13818,14047
"10","Dalheim","Remich","Grevenmacher","1202",6138,7657,8110
"11","Esch-sur-Alzette","Esch-sur-Alzette","Luxembourg","0204",6415,4481,6586
"12","Bech","Echternach","Grevenmacher","1002",4884,9800,10109
"13","Schifflange","Esch-sur-Alzette","Luxembourg","0214",4492,3471,4707
"14","Walferdange","Luxembourg","Luxembourg","0310",2570,4830,4981
"15","Lac de la Haute Sûre","Wiltz","Diekirch","0806",7614,13602,13735
"16","Mersch","Mersch","Luxembourg","0409",10922,8768,11496
"17","Tandel","Vianden","Diekirch","0901",8332,9107,9227
"18","Bettembourg","Esch-sur-Alzette","Luxembourg","0201",6466,6422,7699
"19","Consdorf","Echternach","Grevenmacher","1004",6196,9048,10355
"20","Junglinster","Grevenmacher","Grevenmacher","1105",8302,11956,13017
"21","Boulaide","Wiltz","Diekirch","0801",6305,8697,8749
"22","Grevenmacher","Grevenmacher","Grevenmacher","1104",5096,7270,7903
"23","Vichten","Redange","Diekirch","0709",4983,5407,5664
"24","Remich","Remich","Grevenmacher","1205",3030,3075,3747
"25","Strassen","Luxembourg","Luxembourg","0309",5861,4182,5936
"26","Waldbillig","Echternach","Grevenmacher","1008",6905,6350,7769
"27","Stadtbredimus","Remich","Grevenmacher","1207",4490,5108,5400
"28","Clervaux","Clervaux","Diekirch","0501",15307,12972,17048
"29","Diekirch","Diekirch","Diekirch","0603",7087,4538,7194
"30","Kiischpelt","Wiltz","Diekirch","0805",9243,6963,9918
"31","Erpeldange-sur-Sûre","Diekirch","Diekirch","0604",7581,5875,8845
"32","Differdange","Esch-sur-Alzette","Luxembourg","0202",5660,5948,6299
"33","Steinsel","Luxembourg","Luxembourg","0308",5674,9571,9639
"34","Steinfort","Capellen","Luxembourg","0110",5429,5578,6088
"35","Wahl","Redange","Diekirch","0710",8134,5844,8791
"36","Wiltz","Wiltz","Diekirch","0807",10852,7356,11705
"37","Echternach","Echternach","Grevenmacher","1005",7112,7510,7735
"38","Sandweiler","Luxembourg","Luxembourg","0306",3652,3965,4157
"39","Helperknapp","Mersch","Luxembourg","0403",10691,7048,10953
"40","Mondercange","Esch-sur-Alzette","Luxembourg","0208",4634,7924,8070
"41","Mertert","Grevenmacher","Grevenmacher","1107",5597,5212,5747
"42","Schengen","Remich","Grevenmacher","1206",8825,6129,8978
"43","Waldbredimus","Remich","Grevenmacher","1208",4805,4253,5120
"44","Grosbous","Redange","Diekirch","0705",6794,5201,7260
"45","Wormeldange","Grevenmacher","Grevenmacher","1108",8240,6304,9035
"46","Habscht","Capellen","Luxembourg","0103",6188,11622,11716
"47","Schuttrange","Luxembourg","Luxembourg","0307",4950,5691,5717
"48","Fischbach","Mersch","Luxembourg","0404",6692,6240,6857
"49","Lenningen","Remich","Grevenmacher","1203",5326,7837,7837
"50","Goesdorf","Wiltz","Diekirch","0804",6745,9536,9600
"51","Bourscheid","Diekirch","Diekirch","0602",10022,8650,10022
"52","Ettelbruck","Diekirch","Diekirch","0605",5867,5656,6389
"53","Betzdorf","Grevenmacher","Grevenmacher","1101",7552,7256,8411
"54","Beckerich","Redange","Diekirch","0701",5920,8853,8969
"55","Flaxweiler","Grevenmacher","Grevenmacher","1103",7924,8694,8798
"56","Troisvierges","Clervaux","Diekirch","0504",8476,7114,9432
"57","Vianden","Vianden","Diekirch","0903",3598,5626,5882
"58","Manternach","Grevenmacher","Grevenmacher","1106",7537,7175,8553
"59","Sanem","Esch-sur-Alzette","Luxembourg","0213",8256,5646,8616
"60","Roeser","Esch-sur-Alzette","Luxembourg","0211",8545,6644,8767
"61","Reckange-sur-Mess","Esch-sur-Alzette","Luxembourg","0210",5663,6448,7563
"62","Kayl","Esch-sur-Alzette","Luxembourg","0206",6526,4976,6569
"63","Dippach","Capellen","Luxembourg","0101",5318,6114,6774
"64","Lorentzweiler","Mersch","Luxembourg","0408",4638,7005,7627
"65","Ell","Redange","Diekirch","0703",8370,5662,8469
"66","Bertrange","Luxembourg","Luxembourg","0301",5210,6069,6189
"67","Parc Hosingen","Clervaux","Diekirch","0503",14243,10711,14723
"68","Bous","Remich","Grevenmacher","1201",5820,4592,5888
"69","Lintgen","Mersch","Luxembourg","0407",4512,6155,6440
"70","Beaufort","Echternach","Grevenmacher","1001",4396,5467,5836
"71","Useldange","Redange","Diekirch","0708",8765,6120,9082
"72","Heffingen","Mersch","Luxembourg","0405",5291,4261,5695
"73","Weiler-la-Tour","Luxembourg","Luxembourg","0311",6759,5794,7804
"74","Kehlen","Capellen","Luxembourg","0105",6631,8296,9873
"75","Schieren","Diekirch","Diekirch","0609",3675,5381,5398
"76","Mertzig","Diekirch","Diekirch","0607",4514,5130,5478
"77","Frisange","Esch-sur-Alzette","Luxembourg","0205",6021,8006,8670
"78","Pétange","Esch-sur-Alzette","Luxembourg","0209",4720,5753,6060
"79","Putscheid","Vianden","Diekirch","0902",7662,7967,8413
"80","Mondorf-les-Bains","Remich","Grevenmacher","1204",4605,6053,6130
"81","Biwer","Grevenmacher","Grevenmacher","1102",6812,7334,7748
"82","Vallée de l'Ernz","Diekirch","Diekirch","0610",8019,9259,9630
"83","Préizerdaul","Redange","Diekirch","0702",5226,4922,5660
"84","Hesperange","Luxembourg","Luxembourg","0303",6694,6956,8351
"85","Koerich","Capellen","Luxembourg","0106",5556,5593,5690
"86","Berdorf","Echternach","Grevenmacher","1003",6609,5629,7534
"87","Leudelange","Esch-sur-Alzette","Luxembourg","0207",4684,4840,4841
"88","Reisdorf","Diekirch","Diekirch","0608",5872,6160,7885
"89","Rosport-Mompach","Echternach","Grevenmacher","1006",10138,10032,11734
"90","Larochette","Mersch","Luxembourg","0406",4970,5583,5885
"91","Dudelange","Esch-sur-Alzette","Luxembourg","0203",6023,5840,6855
"92","Luxembourg","Luxembourg","Luxembourg","0304",10440,9714,10968
"93","Weiswampach","Clervaux","Diekirch","0505",8634,8599,10854
"94","Mamer","Capellen","Luxembourg","0108",6312,7356,8981
"95","Wincrange","Clervaux","Diekirch","0502",15944,15265,18227
"96","Saeul","Redange","Diekirch","0707",5790,6198,7037
"97","Redange","Redange","Diekirch","0706",7971,8032,9690
"98","Niederanven","Luxembourg","Luxembourg","0305",7041,10610,10965
"99","Contern","Luxembourg","Luxembourg","0302",4731,7769,7775
"100","Kopstal","Capellen","Luxembourg","0107",3922,3753,4746
"101","Colmar-Berg","Mersch","Luxembourg","0401",5059,5586,6212
"102","Winseler","Wiltz","Diekirch","0808",7151,8306,8734
